id,first_name,last_name,Country,ISO
1,Michael,P.,United Kingdom,GBR
2,Shawn,M.,United Kingdom,GBR
3,Kathleen,P.,United Kingdom,GBR
4,Jimmy,C.,United Kingdom,GBR
5,Katherine,R.,United Kingdom,GBR
6,Sarah,R.,United Kingdom,GBR
7,Martin,M.,United Kingdom,GBR
8,Frank,R.,United Kingdom,GBR
9,Jennifer,F.,United Kingdom,GBR
10,Henry,W.,United Kingdom,GBR
11,Fred,S.,United Kingdom,GBR
12,Amy,D.,United Kingdom,GBR
13,Kathleen,M.,United Kingdom,GBR
14,Steve,F.,United Kingdom,GBR
15,Teresa,H.,United Kingdom,GBR
16,Amanda,H.,India,IND
17,Kimberly,R.,India,IND
18,Johnny,K.,India,IND
19,Virginia,F.,India,IND
20,Anna,A.,India,IND
21,Willie,H.,India,IND
22,Sean,H.,India,IND
23,Mildred,A.,India,IND
24,David,G.,India,IND
25,Victor,H.,India,IND
26,Aaron,R.,India,IND
27,Benjamin,B.,India,IND
28,Lisa,W.,India,IND
29,Benjamin,K.,Turkey,TUR
30,Christina,W.,Turkey,TUR
31,Jane,G.,Turkey,TUR
32,Thomas,O.,Turkey,TUR
33,Katherine,M.,Turkey,TUR
34,Jennifer,S.,Turkey,TUR
35,Sara,T.,Turkey,TUR
36,Harold,O.,Turkey,TUR
37,Shirley,J.,Turkey,TUR
38,Dennis,J.,Turkey,TUR
39,Louise,W.,Turkey,TUR
40,Maria,A.,Turkey,TUR
41,Gloria,C.,Turkey,TUR
42,Diana,S.,Turkey,TUR
43,Kelly,N.,Turkey,TUR
44,Jane,R.,Turkey,TUR
45,Scott,B.,Turkey,TUR
46,Norma,C.,Turkey,TUR
47,Marie,P.,Turkey,TUR
48,Lillian,C.,Germany,DEU
49,Judy,N.,Germany,DEU
50,Billy,L.,Germany,DEU
51,Howard,R.,Germany,DEU
52,Laura,F.,Germany,DEU
53,Anne,B.,Germany,DEU
54,Rose,M.,Germany,DEU
55,Nicholas,R.,Germany,DEU
56,Joshua,K.,Germany,DEU
57,Paul,W.,Germany,DEU
58,Kathryn,K.,Germany,DEU
59,Adam,A.,Germany,DEU
60,Norma,W.,Germany,DEU
61,Timothy,R.,Germany,DEU
62,Elizabeth,P.,Germany,DEU
63,Edward,G.,Germany,DEU
64,David,C.,Germany,DEU
65,Brenda,W.,Germany,DEU
66,Adam,W.,Germany,DEU
67,Michael,H.,Germany,DEU
68,Jesse,E.,Germany,DEU
69,Janet,P.,Germany,DEU
70,Helen,F.,Germany,DEU
71,Gerald,C.,Canada,CAN
72,Kathryn,O.,Canada,CAN
73,Alan,B.,Canada,CAN
74,Harry,A.,Canada,CAN
75,Andrea,H.,Canada,CAN
76,Barbara,W.,Canada,CAN
77,Anne,W.,Canada,CAN
78,Harry,H.,Canada,CAN
79,Jack,R.,Canada,CAN
80,Phillip,H.,Canada,CAN
81,Shirley,H.,Canada,CAN
82,Arthur,D.,Canada,CAN
83,Virginia,R.,Canada,CAN
84,Christina,R.,Canada,CAN
85,Theresa,M.,Canada,CAN
86,Jason,C.,Canada,CAN
87,Phillip,B.,Canada,CAN
88,Adam,T.,Canada,CAN
89,Margaret,J.,Canada,CAN
90,Paul,P.,Canada,CAN
91,Todd,W.,Canada,CAN
92,Willie,O.,Canada,CAN
93,Frances,R.,Canada,CAN
94,Gregory,H.,Canada,CAN
95,Lisa,P.,Canada,CAN
96,Jacqueline,A.,Canada,CAN
97,Shirley,D.,Canada,CAN
98,Nicole,M.,Canada,CAN
99,Mary,G.,Canada,CAN
100,Jean,M.,Testing,TST